/*
SQLyog - Free MySQL GUI v5.02
Host - 5.0.18-nt : Database - samsdb
*********************************************************************
Server version : 5.0.18-nt
*/


create database if not exists `samsdb`;

USE `samsdb`;

/*Table structure for table `programs` */

DROP TABLE IF EXISTS `programs`;

CREATE TABLE `programs` (
  `prog_id` int(10) unsigned NOT NULL auto_increment,
  `prog_name` varchar(200) default NULL,
  `prog_type` varchar(40) default NULL,
  `description` varchar(200) default NULL,
  `status` varchar(45) default NULL,
  `fees` varchar(200) default NULL,
  `testimony` varchar(200) default NULL,
  `housing` varchar(200) default NULL,
  `region` varchar(200) default NULL,
  `country` varchar(200) default NULL,
  `language` varchar(200) default NULL,
  `term` varchar(100) default NULL,
  `deadline` varchar(100) default NULL,
  `img1` varchar(200) default NULL,
  `img2` varchar(200) default NULL,
  `img3` varchar(200) default NULL,
  PRIMARY KEY  (`prog_id`)
) ENGINE=MyISAM DEFAULT CHARSET=latin1;

/*Data for the table `programs` */

insert into `programs` values 

(1,'AIFS in Buenos Aires','affiliated','','active','',NULL,'','Americas','Argentina','English|Spanish','semester/year',NULL,'','',''),

(2,'AIFS in Cairns','affiliated','','active','',NULL,'','Oceania','Australia','English','summer',NULL,'','',''),

(3,'AIFS in Sydney','affiliated','','active','',NULL,'','Oceania','Australia','English','semester/year',NULL,'','',''),

(4,'AIFS in Salzburg','affiliated','','active','',NULL,'','W. Europe','Austria','English|German','summer',NULL,'','',''),

(5,'AIFS in Salzburg','affiliated','','active','',NULL,'','W. Europe','Austria','English|German','semester/year',NULL,'','',''),

(6,'AIFS in Montreal','affiliated','','active','',NULL,'','Americas','Canada','English|French','summer',NULL,'','',''),

(7,'AIFS in Nanjing','affiliated','','active','',NULL,'','Asia','China','Mandarin|English','semester/year',NULL,'','',''),

(8,'AIFS in Bejing/Shanghai','affiliated','','active','',NULL,'','Asia','China','English|Mandarin','summer',NULL,'','',''),

(9,'AIFS in Prague','affiliated','','active','',NULL,'','E. Europe','Czech Republic','English|Czech','semester/year',NULL,'','',''),

(10,'AIFS in Prague','affiliated','','active','',NULL,'','E. Europe','Czech Republic','English|Czech','summer',NULL,'','',''),

(11,'AIFS in London','affiliated','','active','',NULL,'','W. Europe','England','English','semester/year',NULL,'','',''),

(12,'University of Leicester','Exchange','','active','',NULL,'','W. Europe','England','English','semester/year',NULL,'','',''),

(13,'DIS','affiliated','','active','',NULL,'','W. Europe','Denmark','English','semester/year',NULL,'','',''),

(14,'UTA SUPA in Paris','Faculty-Led','','active','',NULL,'','W. Europe','France','English','Summer',NULL,'','',''),

(15,'UTA Architecture in Berlin','Faculty-Led','','active','',NULL,'','W. Europe','Germany','English','Summer',NULL,'','',''),

(16,'UTA Honors in Greece','Faculty-Led','','active','',NULL,'','W. Europe','Greece','English','Summer',NULL,'','',''),

(17,'UTA Architecture in Rome','Faculty-Led','','active','',NULL,'','W. Europe','Italy','English','Summer',NULL,'','',''),

(18,'UTA SUPA in Cuernavaca','Faculty-Led','','active','',NULL,'','Americas','Mexico','English','Summer',NULL,'','',''),

(19,'UTA Spanish in Valldolid','Faculty-Led','','active','',NULL,'','W. Europe','Spain','Spanish','Summer',NULL,'','',''),

(20,'UTA Spanish in Cuernavaca','Faculty-Led','','active','',NULL,'','Americas','Mexico','Spanish','Summer',NULL,'','',''),

(21,'UTA Nursing in Cuernavaca','Faculty-Led','','active','',NULL,'','Americas','Mexico','English','Summer',NULL,'','',''),

(22,'UTA Art in Florence','Faculty-Led','','active','',NULL,'','W. Europe','Italy','English','Summer',NULL,'','','');

/*Table structure for table `roles` */

DROP TABLE IF EXISTS `roles`;

CREATE TABLE `roles` (
  `role` varchar(100) default NULL
) ENGINE=InnoDB DEFAULT CHARSET=latin1;

/*Data for the table `roles` */

/*Table structure for table `school` */

DROP TABLE IF EXISTS `school`;

CREATE TABLE `school` (
  `dept_id` int(10) NOT NULL auto_increment,
  `dept_name` varchar(200) default NULL,
  `school_name` varchar(100) default NULL,
  `dept_code` varchar(40) default NULL,
  PRIMARY KEY  (`dept_id`)
) ENGINE=InnoDB DEFAULT CHARSET=latin1;

/*Data for the table `school` */

insert into `school` values 

(1,'ART','SPAN',NULL),

(2,'ECON','SPAN',NULL),

(3,'HIST','SPAN',NULL),

(4,'ENGL','SPAN',NULL),

(5,'EXSA','SPAN',NULL),

(6,'MUSI','SPAN',NULL),

(7,'ANTH','SPAN',NULL),

(8,'POLS','SPAN',NULL),

(9,'SOCI','SPAN',NULL),

(10,'COMM','SPAN',NULL),

(11,'semester/year','SPAN',NULL),

(12,'BUSA','MANA',NULL),

(13,'HIST','MANA',NULL),

(14,'summer','MANA',NULL),

(15,'BIOL','ANTH',NULL),

(16,'MARK','ANTH',NULL),

(17,'BUSA','ANTH',NULL),

(18,'ECON','ANTH',NULL),

(19,'ENGL','ANTH',NULL),

(20,'THEA','ANTH',NULL),

(21,'HIST','ANTH',NULL),

(22,'POLS','ANTH',NULL),

(23,'SOCI','ANTH',NULL),

(24,'semester/year','ANTH',NULL),

(25,'ART','GERM',NULL),

(26,'SOCI','GERM',NULL),

(27,'ANTH','GERM',NULL),

(28,'MUSI','GERM',NULL),

(29,'summer','GERM',NULL),

(30,'ANTH','ECON',NULL),

(31,'HIST','ECON',NULL),

(32,'FREN','ECON',NULL),

(33,'summer','ECON',NULL),

(34,'HIST','MODL',NULL),

(35,'PHIL','MODL',NULL),

(36,'BUSA','MODL',NULL),

(37,'SOCI','MODL',NULL),

(38,'ECON','MODL',NULL),

(39,'semester/year','MODL',NULL),

(40,'MODL','SOCI',NULL),

(41,'HIST','SOCI',NULL),

(42,'ECON','SOCI',NULL),

(43,'BUSA','SOCI',NULL),

(44,'summer','SOCI',NULL),

(45,'ENGL','MODL',NULL),

(46,'PSYC','MODL',NULL),

(47,'ART','MODL',NULL),

(48,'ARCH','MODL',NULL),

(49,'THEA','MODL',NULL),

(50,'MUSI','MODL',NULL),

(51,'POLS','MODL',NULL),

(52,'ANTH','MODL',NULL),

(53,'FINA','ART',NULL),

(54,'BUSA','ART',NULL),

(55,'MANA','ART',NULL),

(56,'POLS','ART',NULL),

(57,'SOCI','ART',NULL),

(58,'COMM','ART',NULL),

(59,'ECON','ART',NULL),

(60,'PSYC','ART',NULL),

(61,'MARK','ART',NULL),

(62,'THEA','ART',NULL),

(63,'ENGL','ART',NULL),

(64,'HIST','ART',NULL),

(65,'PHIL','ART',NULL),

(66,'ANTH','ART',NULL),

(67,'ARCH','ART',NULL),

(68,'MUSI','ART',NULL),

(69,'semester/year','ART',NULL),

(70,'LSHP','FREN',NULL),

(71,'ART','FREN',NULL),

(72,'BUSA','FREN',NULL),

(73,'SOCI','FREN',NULL),

(74,'THEA','FREN',NULL),

(75,'POLS','FREN',NULL),

(76,'semester/year','FREN',NULL),

(77,'ECON','FREN',NULL),

(78,'HIST','FREN',NULL),

(79,'ENGL','FREN',NULL),

(80,'summer','FREN',NULL),

(81,'ECON','BUSA',NULL),

(82,'POLS','BUSA',NULL),

(83,'HIST','BUSA',NULL),

(84,'MANA','BUSA',NULL),

(85,'MARK','BUSA',NULL),

(86,'SOCI','BUSA',NULL),

(87,'WOMS','BUSA',NULL),

(88,'semester/year','BUSA',NULL),

(89,'MODL','HIST',NULL),

(90,'GEOG','HIST',NULL),

(91,'ENGL','HIST',NULL),

(92,'MUSI','HIST',NULL),

(93,'POLS','HIST',NULL),

(94,'SOCI','HIST',NULL),

(95,'semester/year','HIST',NULL),

(96,'COMM','MODL',NULL),

(97,'MARK','MODL',NULL),

(98,'BUSA','RUSS',NULL),

(99,'ART','RUSS',NULL),

(100,'HIST','RUSS',NULL),

(101,'ENGL','RUSS',NULL),

(102,'POLS','RUSS',NULL),

(103,'SOCI','RUSS',NULL),

(104,'PHIL','RUSS',NULL),

(105,'semester/year','RUSS',NULL),

(106,'MODL','ANTH',NULL),

(107,'PHIL','ANTH',NULL),

(108,'MANA','ANTH',NULL),

(109,'summer','SPAN',NULL),

(110,'Spanish','SPAN',NULL),

(111,'GEOG','SPAN',NULL),

(112,'WOMS','SPAN',NULL),

(113,'THEA','SPAN',NULL),

(114,'LING','SPAN',NULL),

(115,'ART','BUSA',NULL),

(116,'summer','BUSA',NULL),

(117,'summer','HIST',NULL),

(118,'English','HIST',NULL),

(119,'SPAN','College of Liberal Arts',NULL),

(120,'ART','College of Liberal Arts',NULL),

(121,'HIST','College of Liberal Arts',NULL),

(122,'ENGL','College of Liberal Arts',NULL),

(123,'EXSA','College of Liberal Arts',NULL),

(124,'MUSI','College of Liberal Arts',NULL),

(125,'ANTH','College of Liberal Arts',NULL),

(126,'POLS','College of Liberal Arts',NULL),

(127,'SOCI','College of Liberal Arts',NULL),

(128,'COMM','College of Liberal Arts',NULL),

(129,'ECON','College of Business Administration',NULL),

(130,'MANA','College of Business Administration',NULL),

(131,'BUSA','College of Business Administration',NULL),

(132,'THEA','College of Liberal Arts',NULL),

(133,'BIOL','College of Science',NULL),

(134,'MARK','College of Business Administration',NULL),

(135,'GERM','College of Liberal Arts',NULL),

(136,'ARCH','College of Liberal Arts',NULL),

(137,'PHIL','College of Liberal Arts',NULL),

(138,'HIST','College of Business Administration',NULL),

(139,'FREN','College of Liberal Arts',NULL),

(140,'MODL','College of Liberal Arts',NULL),

(141,'PSYC','College of Science',NULL),

(142,'FINA','College of Business Administration',NULL),

(143,'CRCJ','College of Liberal Arts',NULL),

(144,'GEOG','College of Liberal Arts',NULL),

(145,'GREK','College of Liberal Arts',NULL),

(146,'LATN','College of Liberal Arts',NULL),

(147,'WOMS','College of Liberal Arts',NULL),

(148,'ACCT','College of Business Administration',NULL),

(149,'OPMA','College of Business Administration',NULL),

(150,'CHEM','College of Science',NULL),

(151,'MATH','College of Science',NULL),

(152,'PHYS','College of Science',NULL),

(153,'CSE','College of Engineering',NULL),

(154,'E E','College of Engineering',NULL),

(155,'ENGR','College of Engineering',NULL),

(156,'ARCH','School of Architecture',NULL),

(157,'INTD','College of Liberal Arts',NULL),

(158,'NURS','College of Liberal Arts',NULL),

(159,'SUPA','College of Liberal Arts',NULL),

(160,'CLAS','College of Liberal Arts',NULL),

(161,'NURS','School of Nursing',NULL);

/*Table structure for table `school_has_prog` */

DROP TABLE IF EXISTS `school_has_prog`;

CREATE TABLE `school_has_prog` (
  `prog_id` int(10) unsigned default '0',
  `dept_id` int(10) unsigned default NULL,
  `id` int(10) NOT NULL auto_increment,
  PRIMARY KEY  (`id`)
) ENGINE=MyISAM DEFAULT CHARSET=latin1;

/*Data for the table `school_has_prog` */

insert into `school_has_prog` values 

(1,1,1),

(1,2,2),

(1,3,3),

(1,4,4),

(1,5,5),

(1,6,6),

(1,7,7),

(1,8,8),

(1,9,9),

(1,10,10),

(1,11,11),

(2,1,12),

(2,2,13),

(2,3,14),

(2,4,15),

(2,5,16),

(2,6,17),

(2,7,18),

(2,8,19),

(2,9,20),

(2,10,21),

(2,11,22),

(3,3,23),

(3,12,24),

(3,13,25),

(3,14,26),

(4,2,27),

(4,3,28),

(4,4,29),

(4,8,30),

(4,9,31),

(4,11,32),

(4,12,33),

(4,13,34),

(4,15,35),

(4,16,36),

(4,17,37),

(4,18,38),

(4,19,39),

(4,20,40),

(4,21,41),

(4,22,42),

(4,23,43),

(4,24,44),

(5,1,45),

(5,6,46),

(5,7,47),

(5,9,48),

(5,14,49),

(5,23,50),

(5,25,51),

(5,26,52),

(5,27,53),

(5,28,54),

(5,29,55),

(6,1,56),

(6,6,57),

(6,7,58),

(6,9,59),

(6,14,60),

(6,23,61),

(6,25,62),

(6,26,63),

(6,27,64),

(6,28,65),

(6,29,66),

(7,3,67),

(7,7,68),

(7,13,69),

(7,14,70),

(7,21,71),

(7,27,72),

(7,29,73),

(7,30,74),

(7,31,75),

(7,32,76),

(7,33,77),

(8,3,78),

(8,7,79),

(8,13,80),

(8,14,81),

(8,21,82),

(8,27,83),

(8,29,84),

(8,30,85),

(8,31,86),

(8,32,87),

(8,33,88),

(9,2,89),

(9,3,90),

(9,9,91),

(9,11,92),

(9,12,93),

(9,13,94),

(9,17,95),

(9,18,96),

(9,21,97),

(9,23,98),

(9,24,99),

(9,26,100),

(9,31,101),

(9,34,102),

(9,35,103),

(9,36,104),

(9,37,105),

(9,38,106),

(9,39,107),

(10,2,108),

(10,3,109),

(10,9,110),

(10,11,111),

(10,12,112),

(10,13,113),

(10,17,114),

(10,18,115),

(10,21,116),

(10,23,117),

(10,24,118),

(10,26,119),

(10,31,120),

(10,34,121),

(10,35,122),

(10,36,123),

(10,37,124),

(10,38,125),

(10,39,126),

(11,2,127),

(11,3,128),

(11,12,129),

(11,13,130),

(11,14,131),

(11,17,132),

(11,18,133),

(11,21,134),

(11,29,135),

(11,31,136),

(11,33,137),

(11,34,138),

(11,36,139),

(11,38,140),

(11,40,141),

(11,41,142),

(11,42,143),

(11,43,144),

(11,44,145),

(12,2,146),

(12,3,147),

(12,12,148),

(12,13,149),

(12,14,150),

(12,17,151),

(12,18,152),

(12,21,153),

(12,29,154),

(12,31,155),

(12,33,156),

(12,34,157),

(12,36,158),

(12,38,159),

(12,40,160),

(12,41,161),

(12,42,162),

(12,43,163),

(12,44,164),

(13,1,165),

(13,2,166),

(13,3,167),

(13,4,168),

(13,6,169),

(13,7,170),

(13,8,171),

(13,9,172),

(13,11,173),

(13,13,174),

(13,18,175),

(13,19,176),

(13,20,177),

(13,21,178),

(13,22,179),

(13,23,180),

(13,24,181),

(13,25,182),

(13,26,183),

(13,27,184),

(13,28,185),

(13,30,186),

(13,31,187),

(13,34,188),

(13,35,189),

(13,37,190),

(13,38,191),

(13,39,192),

(13,41,193),

(13,42,194),

(13,45,195),

(13,46,196),

(13,47,197),

(13,48,198),

(13,49,199),

(13,50,200),

(13,51,201),

(13,52,202),

(14,1,203),

(14,2,204),

(14,3,205),

(14,4,206),

(14,6,207),

(14,7,208),

(14,8,209),

(14,9,210),

(14,11,211),

(14,13,212),

(14,18,213),

(14,19,214),

(14,20,215),

(14,21,216),

(14,22,217),

(14,23,218),

(14,24,219),

(14,25,220),

(14,26,221),

(14,27,222),

(14,28,223),

(14,30,224),

(14,31,225),

(14,34,226),

(14,35,227),

(14,37,228),

(14,38,229),

(14,39,230),

(14,41,231),

(14,42,232),

(14,45,233),

(14,46,234),

(14,47,235),

(14,48,236),

(14,49,237),

(14,50,238),

(14,51,239),

(14,52,240),

(15,2,241),

(15,3,242),

(15,4,243),

(15,6,244),

(15,7,245),

(15,8,246),

(15,9,247),

(15,10,248),

(15,11,249),

(15,12,250),

(15,13,251),

(15,16,252),

(15,17,253),

(15,18,254),

(15,19,255),

(15,20,256),

(15,21,257),

(15,22,258),

(15,23,259),

(15,24,260),

(15,26,261),

(15,27,262),

(15,28,263),

(15,30,264),

(15,31,265),

(15,34,266),

(15,35,267),

(15,36,268),

(15,37,269),

(15,38,270),

(15,39,271),

(15,41,272),

(15,42,273),

(15,43,274),

(15,45,275),

(15,46,276),

(15,48,277),

(15,49,278),

(15,50,279),

(15,51,280),

(15,52,281),

(15,53,282),

(15,54,283),

(15,55,284),

(15,56,285),

(15,57,286),

(15,58,287),

(15,59,288),

(15,60,289),

(15,61,290),

(15,62,291),

(15,63,292),

(15,64,293),

(15,65,294),

(15,66,295),

(15,67,296),

(15,68,297),

(15,69,298),

(16,1,299),

(16,8,300),

(16,9,301),

(16,11,302),

(16,12,303),

(16,17,304),

(16,20,305),

(16,22,306),

(16,23,307),

(16,24,308),

(16,25,309),

(16,26,310),

(16,36,311),

(16,37,312),

(16,39,313),

(16,43,314),

(16,47,315),

(16,49,316),

(16,51,317),

(16,54,318),

(16,56,319),

(16,57,320),

(16,62,321),

(16,69,322),

(16,70,323),

(16,71,324),

(16,72,325),

(16,73,326),

(16,74,327),

(16,75,328),

(16,76,329),

(17,1,330),

(17,8,331),

(17,9,332),

(17,11,333),

(17,12,334),

(17,17,335),

(17,20,336),

(17,22,337),

(17,23,338),

(17,24,339),

(17,25,340),

(17,26,341),

(17,36,342),

(17,37,343),

(17,39,344),

(17,43,345),

(17,47,346),

(17,49,347),

(17,51,348),

(17,54,349),

(17,56,350),

(17,57,351),

(17,62,352),

(17,69,353),

(17,70,354),

(17,71,355),

(17,72,356),

(17,73,357),

(17,74,358),

(17,75,359),

(17,76,360),

(18,1,361),

(18,2,362),

(18,3,363),

(18,4,364),

(18,8,365),

(18,11,366),

(18,12,367),

(18,13,368),

(18,17,369),

(18,18,370),

(18,19,371),

(18,21,372),

(18,22,373),

(18,24,374),

(18,25,375),

(18,31,376),

(18,34,377),

(18,36,378),

(18,38,379),

(18,39,380),

(18,41,381),

(18,42,382),

(18,43,383),

(18,45,384),

(18,47,385),

(18,51,386),

(18,54,387),

(18,56,388),

(18,59,389),

(18,63,390),

(18,64,391),

(18,69,392),

(18,71,393),

(18,72,394),

(18,75,395),

(18,76,396),

(18,77,397),

(18,78,398),

(18,79,399),

(19,1,400),

(19,2,401),

(19,3,402),

(19,4,403),

(19,8,404),

(19,11,405),

(19,12,406),

(19,13,407),

(19,17,408),

(19,18,409),

(19,19,410),

(19,21,411),

(19,22,412),

(19,24,413),

(19,25,414),

(19,31,415),

(19,34,416),

(19,36,417),

(19,38,418),

(19,39,419),

(19,41,420),

(19,42,421),

(19,43,422),

(19,45,423),

(19,47,424),

(19,51,425),

(19,54,426),

(19,56,427),

(19,59,428),

(19,63,429),

(19,64,430),

(19,69,431),

(19,71,432),

(19,72,433),

(19,75,434),

(19,76,435),

(19,77,436),

(19,78,437),

(19,79,438),

(20,1,439),

(20,14,440),

(20,25,441),

(20,29,442),

(20,33,443),

(20,44,444),

(20,47,445),

(20,71,446),

(20,80,447),

(22,2,448),

(22,3,449),

(22,8,450),

(22,9,451),

(22,11,452),

(22,13,453),

(22,16,454),

(22,18,455),

(22,21,456),

(22,22,457),

(22,23,458),

(22,24,459),

(22,26,460),

(22,31,461),

(22,34,462),

(22,37,463),

(22,38,464),

(22,39,465),

(22,41,466),

(22,42,467),

(22,51,468),

(22,55,469),

(22,56,470),

(22,57,471),

(22,59,472),

(22,61,473),

(22,64,474),

(22,69,475),

(22,73,476),

(22,75,477),

(22,76,478),

(22,77,479),

(22,78,480),

(22,81,481),

(22,82,482),

(22,83,483),

(22,84,484),

(22,85,485),

(22,86,486),

(22,87,487),

(22,88,488),

(23,4,489),

(23,6,490),

(23,8,491),

(23,9,492),

(23,11,493),

(23,19,494),

(23,22,495),

(23,23,496),

(23,24,497),

(23,26,498),

(23,28,499),

(23,37,500),

(23,39,501),

(23,40,502),

(23,45,503),

(23,50,504),

(23,51,505),

(23,56,506),

(23,57,507),

(23,63,508),

(23,68,509),

(23,69,510),

(23,73,511),

(23,75,512),

(23,76,513),

(23,79,514),

(23,82,515),

(23,86,516),

(23,88,517),

(23,89,518),

(23,90,519),

(23,91,520),

(23,92,521),

(23,93,522),

(23,94,523),

(23,95,524),

(24,1,525),

(24,3,526),

(24,4,527),

(24,6,528),

(24,7,529),

(24,8,530),

(24,9,531),

(24,11,532),

(24,12,533),

(24,13,534),

(24,17,535),

(24,19,536),

(24,21,537),

(24,22,538),

(24,23,539),

(24,24,540),

(24,25,541),

(24,26,542),

(24,27,543),

(24,28,544),

(24,30,545),

(24,31,546),

(24,34,547),

(24,35,548),

(24,36,549),

(24,37,550),

(24,39,551),

(24,41,552),

(24,43,553),

(24,45,554),

(24,47,555),

(24,50,556),

(24,51,557),

(24,52,558),

(24,54,559),

(24,56,560),

(24,57,561),

(24,63,562),

(24,64,563),

(24,65,564),

(24,66,565),

(24,68,566),

(24,69,567),

(24,71,568),

(24,72,569),

(24,73,570),

(24,75,571),

(24,76,572),

(24,78,573),

(24,79,574),

(24,82,575),

(24,83,576),

(24,86,577),

(24,88,578),

(24,91,579),

(24,92,580),

(24,93,581),

(24,94,582),

(24,95,583),

(25,1,584),

(25,3,585),

(25,4,586),

(25,6,587),

(25,7,588),

(25,8,589),

(25,9,590),

(25,11,591),

(25,12,592),

(25,13,593),

(25,17,594),

(25,19,595),

(25,21,596),

(25,22,597),

(25,23,598),

(25,24,599),

(25,25,600),

(25,26,601),

(25,27,602),

(25,28,603),

(25,30,604),

(25,31,605),

(25,34,606),

(25,35,607),

(25,36,608),

(25,37,609),

(25,39,610),

(25,41,611),

(25,43,612),

(25,45,613),

(25,47,614),

(25,50,615),

(25,51,616),

(25,52,617),

(25,54,618),

(25,56,619),

(25,57,620),

(25,63,621),

(25,64,622),

(25,65,623),

(25,66,624),

(25,68,625),

(25,69,626),

(25,71,627),

(25,72,628),

(25,73,629),

(25,75,630),

(25,76,631),

(25,78,632),

(25,79,633),

(25,82,634),

(25,83,635),

(25,86,636),

(25,88,637),

(25,91,638),

(25,92,639),

(25,93,640),

(25,94,641),

(25,95,642),

(26,1,643),

(26,2,644),

(26,3,645),

(26,4,646),

(26,7,647),

(26,8,648),

(26,9,649),

(26,10,650),

(26,11,651),

(26,12,652),

(26,13,653),

(26,16,654),

(26,17,655),

(26,18,656),

(26,19,657),

(26,21,658),

(26,22,659),

(26,23,660),

(26,24,661),

(26,25,662),

(26,26,663),

(26,27,664),

(26,30,665),

(26,31,666),

(26,34,667),

(26,35,668),

(26,36,669),

(26,37,670),

(26,38,671),

(26,39,672),

(26,41,673),

(26,42,674),

(26,43,675),

(26,45,676),

(26,47,677),

(26,51,678),

(26,52,679),

(26,54,680),

(26,56,681),

(26,57,682),

(26,58,683),

(26,59,684),

(26,61,685),

(26,63,686),

(26,64,687),

(26,65,688),

(26,66,689),

(26,69,690),

(26,71,691),

(26,72,692),

(26,73,693),

(26,75,694),

(26,76,695),

(26,77,696),

(26,78,697),

(26,79,698),

(26,81,699),

(26,82,700),

(26,83,701),

(26,85,702),

(26,86,703),

(26,88,704),

(26,91,705),

(26,93,706),

(26,94,707),

(26,95,708),

(26,96,709),

(26,97,710),

(27,1,711),

(27,2,712),

(27,3,713),

(27,4,714),

(27,7,715),

(27,8,716),

(27,9,717),

(27,10,718),

(27,11,719),

(27,12,720),

(27,13,721),

(27,16,722),

(27,17,723),

(27,18,724),

(27,19,725),

(27,21,726),

(27,22,727),

(27,23,728),

(27,24,729),

(27,25,730),

(27,26,731),

(27,27,732),

(27,30,733),

(27,31,734),

(27,34,735),

(27,35,736),

(27,36,737),

(27,37,738),

(27,38,739),

(27,39,740),

(27,41,741),

(27,42,742),

(27,43,743),

(27,45,744),

(27,47,745),

(27,51,746),

(27,52,747),

(27,54,748),

(27,56,749),

(27,57,750),

(27,58,751),

(27,59,752),

(27,61,753),

(27,63,754),

(27,64,755),

(27,65,756),

(27,66,757),

(27,69,758),

(27,71,759),

(27,72,760),

(27,73,761),

(27,75,762),

(27,76,763),

(27,77,764),

(27,78,765),

(27,79,766),

(27,81,767),

(27,82,768),

(27,83,769),

(27,85,770),

(27,86,771),

(27,88,772),

(27,91,773),

(27,93,774),

(27,94,775),

(27,95,776),

(27,96,777),

(27,97,778),

(28,1,779),

(28,3,780),

(28,4,781),

(28,8,782),

(28,9,783),

(28,11,784),

(28,12,785),

(28,13,786),

(28,17,787),

(28,19,788),

(28,21,789),

(28,22,790),

(28,23,791),

(28,24,792),

(28,25,793),

(28,26,794),

(28,31,795),

(28,34,796),

(28,35,797),

(28,36,798),

(28,37,799),

(28,39,800),

(28,41,801),

(28,43,802),

(28,45,803),

(28,47,804),

(28,51,805),

(28,54,806),

(28,56,807),

(28,57,808),

(28,63,809),

(28,64,810),

(28,65,811),

(28,69,812),

(28,71,813),

(28,72,814),

(28,73,815),

(28,75,816),

(28,76,817),

(28,78,818),

(28,79,819),

(28,82,820),

(28,83,821),

(28,86,822),

(28,88,823),

(28,91,824),

(28,93,825),

(28,94,826),

(28,95,827),

(28,98,828),

(28,99,829),

(28,100,830),

(28,101,831),

(28,102,832),

(28,103,833),

(28,104,834),

(28,105,835),

(29,1,836),

(29,3,837),

(29,4,838),

(29,8,839),

(29,9,840),

(29,11,841),

(29,12,842),

(29,13,843),

(29,17,844),

(29,19,845),

(29,21,846),

(29,22,847),

(29,23,848),

(29,24,849),

(29,25,850),

(29,26,851),

(29,31,852),

(29,34,853),

(29,35,854),

(29,36,855),

(29,37,856),

(29,39,857),

(29,41,858),

(29,43,859),

(29,45,860),

(29,47,861),

(29,51,862),

(29,54,863),

(29,56,864),

(29,57,865),

(29,63,866),

(29,64,867),

(29,65,868),

(29,69,869),

(29,71,870),

(29,72,871),

(29,73,872),

(29,75,873),

(29,76,874),

(29,78,875),

(29,79,876),

(29,82,877),

(29,83,878),

(29,86,879),

(29,88,880),

(29,91,881),

(29,93,882),

(29,94,883),

(29,95,884),

(29,98,885),

(29,99,886),

(29,100,887),

(29,101,888),

(29,102,889),

(29,103,890),

(29,104,891),

(29,105,892),

(30,3,893),

(30,4,894),

(30,8,895),

(30,9,896),

(30,11,897),

(30,13,898),

(30,15,899),

(30,19,900),

(30,20,901),

(30,21,902),

(30,22,903),

(30,23,904),

(30,24,905),

(30,26,906),

(30,31,907),

(30,34,908),

(30,35,909),

(30,37,910),

(30,39,911),

(30,40,912),

(30,41,913),

(30,45,914),

(30,49,915),

(30,51,916),

(30,55,917),

(30,56,918),

(30,57,919),

(30,62,920),

(30,63,921),

(30,64,922),

(30,65,923),

(30,69,924),

(30,73,925),

(30,74,926),

(30,75,927),

(30,76,928),

(30,78,929),

(30,79,930),

(30,82,931),

(30,83,932),

(30,84,933),

(30,86,934),

(30,88,935),

(30,89,936),

(30,91,937),

(30,93,938),

(30,94,939),

(30,95,940),

(30,100,941),

(30,101,942),

(30,102,943),

(30,103,944),

(30,104,945),

(30,105,946),

(30,106,947),

(30,107,948),

(30,108,949),

(31,14,950),

(31,29,951),

(31,33,952),

(31,44,953),

(31,80,954),

(31,109,955),

(31,110,956),

(32,1,957),

(32,2,958),

(32,3,959),

(32,4,960),

(32,6,961),

(32,7,962),

(32,8,963),

(32,9,964),

(32,11,965),

(32,13,966),

(32,18,967),

(32,19,968),

(32,21,969),

(32,22,970),

(32,23,971),

(32,24,972),

(32,25,973),

(32,26,974),

(32,27,975),

(32,28,976),

(32,30,977),

(32,31,978),

(32,34,979),

(32,37,980),

(32,38,981),

(32,39,982),

(32,41,983),

(32,42,984),

(32,45,985),

(32,47,986),

(32,50,987),

(32,51,988),

(32,52,989),

(32,56,990),

(32,57,991),

(32,59,992),

(32,63,993),

(32,64,994),

(32,66,995),

(32,68,996),

(32,69,997),

(32,71,998),

(32,73,999),

(32,75,1000),

(32,76,1001),

(32,77,1002),

(32,78,1003),

(32,79,1004),

(32,81,1005),

(32,82,1006),

(32,83,1007),

(32,86,1008),

(32,88,1009),

(32,90,1010),

(32,91,1011),

(32,92,1012),

(32,93,1013),

(32,94,1014),

(32,95,1015),

(32,99,1016),

(32,100,1017),

(32,101,1018),

(32,102,1019),

(32,103,1020),

(32,105,1021),

(32,111,1022),

(33,1,1023),

(33,2,1024),

(33,3,1025),

(33,4,1026),

(33,6,1027),

(33,7,1028),

(33,8,1029),

(33,9,1030),

(33,11,1031),

(33,13,1032),

(33,18,1033),

(33,19,1034),

(33,21,1035),

(33,22,1036),

(33,23,1037),

(33,24,1038),

(33,25,1039),

(33,26,1040),

(33,27,1041),

(33,28,1042),

(33,30,1043),

(33,31,1044),

(33,34,1045),

(33,37,1046),

(33,38,1047),

(33,39,1048),

(33,41,1049),

(33,42,1050),

(33,45,1051),

(33,47,1052),

(33,50,1053),

(33,51,1054),

(33,52,1055),

(33,56,1056),

(33,57,1057),

(33,59,1058),

(33,63,1059),

(33,64,1060),

(33,66,1061),

(33,68,1062),

(33,69,1063),

(33,71,1064),

(33,73,1065),

(33,75,1066),

(33,76,1067),

(33,77,1068),

(33,78,1069),

(33,79,1070),

(33,81,1071),

(33,82,1072),

(33,83,1073),

(33,86,1074),

(33,88,1075),

(33,90,1076),

(33,91,1077),

(33,92,1078),

(33,93,1079),

(33,94,1080),

(33,95,1081),

(33,99,1082),

(33,100,1083),

(33,101,1084),

(33,102,1085),

(33,103,1086),

(33,105,1087),

(33,111,1088),

(34,14,1089),

(34,29,1090),

(34,33,1091),

(34,44,1092),

(34,80,1093),

(34,109,1094),

(34,110,1095),

(35,1,1096),

(35,2,1097),

(35,3,1098),

(35,4,1099),

(35,6,1100),

(35,8,1101),

(35,9,1102),

(35,11,1103),

(35,13,1104),

(35,18,1105),

(35,19,1106),

(35,20,1107),

(35,21,1108),

(35,22,1109),

(35,23,1110),

(35,24,1111),

(35,25,1112),

(35,26,1113),

(35,28,1114),

(35,31,1115),

(35,34,1116),

(35,37,1117),

(35,38,1118),

(35,39,1119),

(35,41,1120),

(35,42,1121),

(35,45,1122),

(35,47,1123),

(35,49,1124),

(35,50,1125),

(35,51,1126),

(35,56,1127),

(35,57,1128),

(35,59,1129),

(35,62,1130),

(35,63,1131),

(35,64,1132),

(35,68,1133),

(35,69,1134),

(35,71,1135),

(35,73,1136),

(35,74,1137),

(35,75,1138),

(35,76,1139),

(35,77,1140),

(35,78,1141),

(35,79,1142),

(35,81,1143),

(35,82,1144),

(35,83,1145),

(35,86,1146),

(35,87,1147),

(35,88,1148),

(35,91,1149),

(35,92,1150),

(35,93,1151),

(35,94,1152),

(35,95,1153),

(35,99,1154),

(35,100,1155),

(35,101,1156),

(35,102,1157),

(35,103,1158),

(35,105,1159),

(35,112,1160),

(35,113,1161),

(35,114,1162),

(36,1,1163),

(36,2,1164),

(36,3,1165),

(36,4,1166),

(36,6,1167),

(36,8,1168),

(36,9,1169),

(36,11,1170),

(36,13,1171),

(36,18,1172),

(36,19,1173),

(36,20,1174),

(36,21,1175),

(36,22,1176),

(36,23,1177),

(36,24,1178),

(36,25,1179),

(36,26,1180),

(36,28,1181),

(36,31,1182),

(36,34,1183),

(36,37,1184),

(36,38,1185),

(36,39,1186),

(36,41,1187),

(36,42,1188),

(36,45,1189),

(36,47,1190),

(36,49,1191),

(36,50,1192),

(36,51,1193),

(36,56,1194),

(36,57,1195),

(36,59,1196),

(36,62,1197),

(36,63,1198),

(36,64,1199),

(36,68,1200),

(36,69,1201),

(36,71,1202),

(36,73,1203),

(36,74,1204),

(36,75,1205),

(36,76,1206),

(36,77,1207),

(36,78,1208),

(36,79,1209),

(36,81,1210),

(36,82,1211),

(36,83,1212),

(36,86,1213),

(36,87,1214),

(36,88,1215),

(36,91,1216),

(36,92,1217),

(36,93,1218),

(36,94,1219),

(36,95,1220),

(36,99,1221),

(36,100,1222),

(36,101,1223),

(36,102,1224),

(36,103,1225),

(36,105,1226),

(36,112,1227),

(36,113,1228),

(36,114,1229),

(37,14,1230),

(37,29,1231),

(37,33,1232),

(37,44,1233),

(37,80,1234),

(37,109,1235),

(37,110,1236),

(38,1,1237),

(38,8,1238),

(38,14,1239),

(38,22,1240),

(38,25,1241),

(38,29,1242),

(38,33,1243),

(38,44,1244),

(38,47,1245),

(38,51,1246),

(38,56,1247),

(38,71,1248),

(38,75,1249),

(38,80,1250),

(38,82,1251),

(38,93,1252),

(38,99,1253),

(38,102,1254),

(38,109,1255),

(38,115,1256),

(38,116,1257),

(39,14,1258),

(39,29,1259),

(39,33,1260),

(39,44,1261),

(39,80,1262),

(39,109,1263),

(39,116,1264),

(39,117,1265),

(39,118,1266),

(1,1,1267),

(1,2,1268),

(1,3,1269),

(1,4,1270),

(1,5,1271),

(1,6,1272),

(1,7,1273),

(1,8,1274),

(1,9,1275),

(1,10,1276),

(1,11,1277),

(1,13,1278),

(1,18,1279),

(1,19,1280),

(1,21,1281),

(1,22,1282),

(1,23,1283),

(1,24,1284),

(1,25,1285),

(1,26,1286),

(1,27,1287),

(1,28,1288),

(1,30,1289),

(1,31,1290),

(1,34,1291),

(1,37,1292),

(1,38,1293),

(1,39,1294),

(1,41,1295),

(1,42,1296),

(1,45,1297),

(1,47,1298),

(1,50,1299),

(1,51,1300),

(1,52,1301),

(1,56,1302),

(1,57,1303),

(1,58,1304),

(1,59,1305),

(1,63,1306),

(1,64,1307),

(1,66,1308),

(1,68,1309),

(1,69,1310),

(1,71,1311),

(1,73,1312),

(1,75,1313),

(1,76,1314),

(1,77,1315),

(1,78,1316),

(1,79,1317),

(1,81,1318),

(1,82,1319),

(1,83,1320),

(1,86,1321),

(1,88,1322),

(1,91,1323),

(1,92,1324),

(1,93,1325),

(1,94,1326),

(1,95,1327),

(1,96,1328),

(1,99,1329),

(1,100,1330),

(1,101,1331),

(1,102,1332),

(1,103,1333),

(1,105,1334),

(1,115,1335),

(2,1,1336),

(2,2,1337),

(2,3,1338),

(2,4,1339),

(2,5,1340),

(2,6,1341),

(2,7,1342),

(2,8,1343),

(2,9,1344),

(2,10,1345),

(2,11,1346),

(2,13,1347),

(2,18,1348),

(2,19,1349),

(2,21,1350),

(2,22,1351),

(2,23,1352),

(2,24,1353),

(2,25,1354),

(2,26,1355),

(2,27,1356),

(2,28,1357),

(2,30,1358),

(2,31,1359),

(2,34,1360),

(2,37,1361),

(2,38,1362),

(2,39,1363),

(2,41,1364),

(2,42,1365),

(2,45,1366),

(2,47,1367),

(2,50,1368),

(2,51,1369),

(2,52,1370),

(2,56,1371),

(2,57,1372),

(2,58,1373),

(2,59,1374),

(2,63,1375),

(2,64,1376),

(2,66,1377),

(2,68,1378),

(2,69,1379),

(2,71,1380),

(2,73,1381),

(2,75,1382),

(2,76,1383),

(2,77,1384),

(2,78,1385),

(2,79,1386),

(2,81,1387),

(2,82,1388),

(2,83,1389),

(2,86,1390),

(2,88,1391),

(2,91,1392),

(2,92,1393),

(2,93,1394),

(2,94,1395),

(2,95,1396),

(2,96,1397),

(2,99,1398),

(2,100,1399),

(2,101,1400),

(2,102,1401),

(2,103,1402),

(2,105,1403),

(2,115,1404),

(3,3,1405),

(3,12,1406),

(3,13,1407),

(3,14,1408),

(3,17,1409),

(3,21,1410),

(3,29,1411),

(3,31,1412),

(3,33,1413),

(3,34,1414),

(3,36,1415),

(3,41,1416),

(3,43,1417),

(3,44,1418),

(3,54,1419),

(3,64,1420),

(3,72,1421),

(3,78,1422),

(3,80,1423),

(3,83,1424),

(3,98,1425),

(3,100,1426),

(3,109,1427),

(3,116,1428),

(3,117,1429),

(4,2,1430),

(4,3,1431),

(4,4,1432),

(4,8,1433),

(4,9,1434),

(4,11,1435),

(4,12,1436),

(4,13,1437),

(4,15,1438),

(4,16,1439),

(4,17,1440),

(4,18,1441),

(4,19,1442),

(4,20,1443),

(4,21,1444),

(4,22,1445),

(4,23,1446),

(4,24,1447),

(4,26,1448),

(4,31,1449),

(4,34,1450),

(4,36,1451),

(4,37,1452),

(4,38,1453),

(4,39,1454),

(4,41,1455),

(4,42,1456),

(4,43,1457),

(4,45,1458),

(4,49,1459),

(4,51,1460),

(4,54,1461),

(4,56,1462),

(4,57,1463),

(4,59,1464),

(4,61,1465),

(4,62,1466),

(4,63,1467),

(4,64,1468),

(4,69,1469),

(4,72,1470),

(4,73,1471),

(4,74,1472),

(4,75,1473),

(4,76,1474),

(4,77,1475),

(4,78,1476),

(4,79,1477),

(4,81,1478),

(4,82,1479),

(4,83,1480),

(4,85,1481),

(4,86,1482),

(4,88,1483),

(4,91,1484),

(4,93,1485),

(4,94,1486),

(4,95,1487),

(4,97,1488),

(4,98,1489),

(4,100,1490),

(4,101,1491),

(4,102,1492),

(4,103,1493),

(4,105,1494),

(4,113,1495),

(5,1,1496),

(5,6,1497),

(5,7,1498),

(5,9,1499),

(5,14,1500),

(5,23,1501),

(5,25,1502),

(5,26,1503),

(5,27,1504),

(5,28,1505),

(5,29,1506),

(5,30,1507),

(5,33,1508),

(5,37,1509),

(5,44,1510),

(5,47,1511),

(5,50,1512),

(5,52,1513),

(5,57,1514),

(5,66,1515),

(5,68,1516),

(5,71,1517),

(5,73,1518),

(5,80,1519),

(5,86,1520),

(5,92,1521),

(5,94,1522),

(5,99,1523),

(5,103,1524),

(5,109,1525),

(5,115,1526),

(5,116,1527),

(5,117,1528),

(6,1,1529),

(6,6,1530),

(6,7,1531),

(6,9,1532),

(6,14,1533),

(6,23,1534),

(6,25,1535),

(6,26,1536),

(6,27,1537),

(6,28,1538),

(6,29,1539),

(6,30,1540),

(6,33,1541),

(6,37,1542),

(6,44,1543),

(6,47,1544),

(6,50,1545),

(6,52,1546),

(6,57,1547),

(6,66,1548),

(6,68,1549),

(6,71,1550),

(6,73,1551),

(6,80,1552),

(6,86,1553),

(6,92,1554),

(6,94,1555),

(6,99,1556),

(6,103,1557),

(6,109,1558),

(6,115,1559),

(6,116,1560),

(6,117,1561),

(7,3,1562),

(7,7,1563),

(7,13,1564),

(7,14,1565),

(7,21,1566),

(7,27,1567),

(7,29,1568),

(7,30,1569),

(7,31,1570),

(7,32,1571),

(7,33,1572),

(7,34,1573),

(7,41,1574),

(7,44,1575),

(7,52,1576),

(7,64,1577),

(7,66,1578),

(7,78,1579),

(7,80,1580),

(7,83,1581),

(7,100,1582),

(7,109,1583),

(7,116,1584),

(7,117,1585),

(8,3,1586),

(8,7,1587),

(8,13,1588),

(8,14,1589),

(8,21,1590),

(8,27,1591),

(8,29,1592),

(8,30,1593),

(8,31,1594),

(8,32,1595),

(8,33,1596),

(8,34,1597),

(8,41,1598),

(8,44,1599),

(8,52,1600),

(8,64,1601),

(8,66,1602),

(8,78,1603),

(8,80,1604),

(8,83,1605),

(8,100,1606),

(8,109,1607),

(8,116,1608),

(8,117,1609),

(9,2,1610),

(9,3,1611),

(9,9,1612),

(9,11,1613),

(9,12,1614),

(9,13,1615),

(9,17,1616),

(9,18,1617),

(9,21,1618),

(9,23,1619),

(9,24,1620),

(9,26,1621),

(9,31,1622),

(9,34,1623),

(9,35,1624),

(9,36,1625),

(9,37,1626),

(9,38,1627),

(9,39,1628),

(9,41,1629),

(9,42,1630),

(9,43,1631),

(9,54,1632),

(9,57,1633),

(9,59,1634),

(9,64,1635),

(9,65,1636),

(9,69,1637),

(9,72,1638),

(9,73,1639),

(9,76,1640),

(9,77,1641),

(9,78,1642),

(9,81,1643),

(9,83,1644),

(9,86,1645),

(9,88,1646),

(9,94,1647),

(9,95,1648),

(9,98,1649),

(9,100,1650),

(9,103,1651),

(9,104,1652),

(9,105,1653),

(9,107,1654),

(10,2,1655),

(10,3,1656),

(10,9,1657),

(10,11,1658),

(10,12,1659),

(10,13,1660),

(10,17,1661),

(10,18,1662),

(10,21,1663),

(10,23,1664),

(10,24,1665),

(10,26,1666),

(10,31,1667),

(10,34,1668),

(10,35,1669),

(10,36,1670),

(10,37,1671),

(10,38,1672),

(10,39,1673),

(10,41,1674),

(10,42,1675),

(10,43,1676),

(10,54,1677),

(10,57,1678),

(10,59,1679),

(10,64,1680),

(10,65,1681),

(10,69,1682),

(10,72,1683),

(10,73,1684),

(10,76,1685),

(10,77,1686),

(10,78,1687),

(10,81,1688),

(10,83,1689),

(10,86,1690),

(10,88,1691),

(10,94,1692),

(10,95,1693),

(10,98,1694),

(10,100,1695),

(10,103,1696),

(10,104,1697),

(10,105,1698),

(10,107,1699),

(11,2,1700),

(11,3,1701),

(11,12,1702),

(11,13,1703),

(11,14,1704),

(11,17,1705),

(11,18,1706),

(11,21,1707),

(11,29,1708),

(11,31,1709),

(11,33,1710),

(11,34,1711),

(11,36,1712),

(11,38,1713),

(11,40,1714),

(11,41,1715),

(11,42,1716),

(11,43,1717),

(11,44,1718),

(11,54,1719),

(11,59,1720),

(11,64,1721),

(11,72,1722),

(11,77,1723),

(11,78,1724),

(11,80,1725),

(11,81,1726),

(11,83,1727),

(11,89,1728),

(11,98,1729),

(11,100,1730),

(11,106,1731),

(11,109,1732),

(11,116,1733),

(11,117,1734),

(12,2,1735),

(12,3,1736),

(12,12,1737),

(12,13,1738),

(12,14,1739),

(12,17,1740),

(12,18,1741),

(12,21,1742),

(12,29,1743),

(12,31,1744),

(12,33,1745),

(12,34,1746),

(12,36,1747),

(12,38,1748),

(12,40,1749),

(12,41,1750),

(12,42,1751),

(12,43,1752),

(12,44,1753),

(12,54,1754),

(12,59,1755),

(12,64,1756),

(12,72,1757),

(12,77,1758),

(12,78,1759),

(12,80,1760),

(12,81,1761),

(12,83,1762),

(12,89,1763),

(12,98,1764),

(12,100,1765),

(12,106,1766),

(12,109,1767),

(12,116,1768),

(12,117,1769),

(13,1,1770),

(13,2,1771),

(13,3,1772),

(13,4,1773),

(13,6,1774),

(13,7,1775),

(13,8,1776),

(13,9,1777),

(13,11,1778),

(13,13,1779),

(13,18,1780),

(13,19,1781),

(13,20,1782),

(13,21,1783),

(13,22,1784),

(13,23,1785),

(13,24,1786),

(13,25,1787),

(13,26,1788),

(13,27,1789),

(13,28,1790),

(13,30,1791),

(13,31,1792),

(13,34,1793),

(13,35,1794),

(13,37,1795),

(13,38,1796),

(13,39,1797),

(13,41,1798),

(13,42,1799),

(13,45,1800),

(13,46,1801),

(13,47,1802),

(13,48,1803),

(13,49,1804),

(13,50,1805),

(13,51,1806),

(13,52,1807),

(13,56,1808),

(13,57,1809),

(13,59,1810),

(13,60,1811),

(13,62,1812),

(13,63,1813),

(13,64,1814),

(13,65,1815),

(13,66,1816),

(13,67,1817),

(13,68,1818),

(13,69,1819),

(13,71,1820),

(13,73,1821),

(13,74,1822),

(13,75,1823),

(13,76,1824),

(13,77,1825),

(13,78,1826),

(13,79,1827),

(13,81,1828),

(13,82,1829),

(13,83,1830),

(13,86,1831),

(13,88,1832),

(13,91,1833),

(13,92,1834),

(13,93,1835),

(13,94,1836),

(13,95,1837),

(13,99,1838),

(13,100,1839),

(13,101,1840),

(13,102,1841),

(13,103,1842),

(13,104,1843),

(13,105,1844),

(13,107,1845),

(13,113,1846),

(13,115,1847),

(14,1,1848),

(14,2,1849),

(14,3,1850),

(14,4,1851),

(14,6,1852),

(14,7,1853),

(14,8,1854),

(14,9,1855),

(14,11,1856),

(14,13,1857),

(14,18,1858),

(14,19,1859),

(14,20,1860),

(14,21,1861),

(14,22,1862),

(14,23,1863),

(14,24,1864),

(14,25,1865),

(14,26,1866),

(14,27,1867),

(14,28,1868),

(14,30,1869),

(14,31,1870),

(14,34,1871),

(14,35,1872),

(14,37,1873),

(14,38,1874),

(14,39,1875),

(14,41,1876),

(14,42,1877),

(14,45,1878),

(14,46,1879),

(14,47,1880),

(14,48,1881),

(14,49,1882),

(14,50,1883),

(14,51,1884),

(14,52,1885),

(14,56,1886),

(14,57,1887),

(14,59,1888),

(14,60,1889),

(14,62,1890),

(14,63,1891),

(14,64,1892),

(14,65,1893),

(14,66,1894),

(14,67,1895),

(14,68,1896),

(14,69,1897),

(14,71,1898),

(14,73,1899),

(14,74,1900),

(14,75,1901),

(14,76,1902),

(14,77,1903),

(14,78,1904),

(14,79,1905),

(14,81,1906),

(14,82,1907),

(14,83,1908),

(14,86,1909),

(14,88,1910),

(14,91,1911),

(14,92,1912),

(14,93,1913),

(14,94,1914),

(14,95,1915),

(14,99,1916),

(14,100,1917),

(14,101,1918),

(14,102,1919),

(14,103,1920),

(14,104,1921),

(14,105,1922),

(14,107,1923),

(14,113,1924),

(14,115,1925),

(15,2,1926),

(15,3,1927),

(15,4,1928),

(15,6,1929),

(15,7,1930),

(15,8,1931),

(15,9,1932),

(15,10,1933),

(15,11,1934),

(15,12,1935),

(15,13,1936),

(15,16,1937),

(15,17,1938),

(15,18,1939),

(15,19,1940),

(15,20,1941),

(15,21,1942),

(15,22,1943),

(15,23,1944),

(15,24,1945),

(15,26,1946),

(15,27,1947),

(15,28,1948),

(15,30,1949),

(15,31,1950),

(15,34,1951),

(15,35,1952),

(15,36,1953),

(15,37,1954),

(15,38,1955),

(15,39,1956),

(15,41,1957),

(15,42,1958),

(15,43,1959),

(15,45,1960),

(15,46,1961),

(15,48,1962),

(15,49,1963),

(15,50,1964),

(15,51,1965),

(15,52,1966),

(15,53,1967),

(15,54,1968),

(15,55,1969),

(15,56,1970),

(15,57,1971),

(15,58,1972),

(15,59,1973),

(15,60,1974),

(15,61,1975),

(15,62,1976),

(15,63,1977),

(15,64,1978),

(15,65,1979),

(15,66,1980),

(15,67,1981),

(15,68,1982),

(15,69,1983),

(15,72,1984),

(15,73,1985),

(15,74,1986),

(15,75,1987),

(15,76,1988),

(15,77,1989),

(15,78,1990),

(15,79,1991),

(15,81,1992),

(15,82,1993),

(15,83,1994),

(15,84,1995),

(15,85,1996),

(15,86,1997),

(15,88,1998),

(15,91,1999),

(15,92,2000),

(15,93,2001),

(15,94,2002),

(15,95,2003),

(15,96,2004),

(15,97,2005),

(15,98,2006),

(15,100,2007),

(15,101,2008),

(15,102,2009),

(15,103,2010),

(15,104,2011),

(15,105,2012),

(15,107,2013),

(15,108,2014),

(15,113,2015),

(16,1,2016),

(16,8,2017),

(16,9,2018),

(16,11,2019),

(16,12,2020),

(16,17,2021),

(16,20,2022),

(16,22,2023),

(16,23,2024),

(16,24,2025),

(16,25,2026),

(16,26,2027),

(16,36,2028),

(16,37,2029),

(16,39,2030),

(16,43,2031),

(16,47,2032),

(16,49,2033),

(16,51,2034),

(16,54,2035),

(16,56,2036),

(16,57,2037),

(16,62,2038),

(16,69,2039),

(16,70,2040),

(16,71,2041),

(16,72,2042),

(16,73,2043),

(16,74,2044),

(16,75,2045),

(16,76,2046),

(16,82,2047),

(16,86,2048),

(16,88,2049),

(16,93,2050),

(16,94,2051),

(16,95,2052),

(16,98,2053),

(16,99,2054),

(16,102,2055),

(16,103,2056),

(16,105,2057),

(16,113,2058),

(16,115,2059),

(17,1,2060),

(17,8,2061),

(17,9,2062),

(17,11,2063),

(17,12,2064),

(17,17,2065),

(17,20,2066),

(17,22,2067),

(17,23,2068),

(17,24,2069),

(17,25,2070),

(17,26,2071),

(17,36,2072),

(17,37,2073),

(17,39,2074),

(17,43,2075),

(17,47,2076),

(17,49,2077),

(17,51,2078),

(17,54,2079),

(17,56,2080),

(17,57,2081),

(17,62,2082),

(17,69,2083),

(17,70,2084),

(17,71,2085),

(17,72,2086),

(17,73,2087),

(17,74,2088),

(17,75,2089),

(17,76,2090),

(17,82,2091),

(17,86,2092),

(17,88,2093),

(17,93,2094),

(17,94,2095),

(17,95,2096),

(17,98,2097),

(17,99,2098),

(17,102,2099),

(17,103,2100),

(17,105,2101),

(17,113,2102),

(17,115,2103),

(18,1,2104),

(18,2,2105),

(18,3,2106),

(18,4,2107),

(18,8,2108),

(18,11,2109),

(18,12,2110),

(18,13,2111),

(18,17,2112),

(18,18,2113),

(18,19,2114),

(18,21,2115),

(18,22,2116),

(18,24,2117),

(18,25,2118),

(18,31,2119),

(18,34,2120),

(18,36,2121),

(18,38,2122),

(18,39,2123),

(18,41,2124),

(18,42,2125),

(18,43,2126),

(18,45,2127),

(18,47,2128),

(18,51,2129),

(18,54,2130),

(18,56,2131),

(18,59,2132),

(18,63,2133),

(18,64,2134),

(18,69,2135),

(18,71,2136),

(18,72,2137),

(18,75,2138),

(18,76,2139),

(18,77,2140),

(18,78,2141),

(18,79,2142),

(18,81,2143),

(18,82,2144),

(18,83,2145),

(18,88,2146),

(18,91,2147),

(18,93,2148),

(18,95,2149),

(18,98,2150),

(18,99,2151),

(18,100,2152),

(18,101,2153),

(18,102,2154),

(18,105,2155),

(18,115,2156),

(19,1,2157),

(19,2,2158),

(19,3,2159),

(19,4,2160),

(19,8,2161),

(19,11,2162),

(19,12,2163),

(19,13,2164),

(19,17,2165),

(19,18,2166),

(19,19,2167),

(19,21,2168),

(19,22,2169),

(19,24,2170),

(19,25,2171),

(19,31,2172),

(19,34,2173),

(19,36,2174),

(19,38,2175),

(19,39,2176),

(19,41,2177),

(19,42,2178),

(19,43,2179),

(19,45,2180),

(19,47,2181),

(19,51,2182),

(19,54,2183),

(19,56,2184),

(19,59,2185),

(19,63,2186),

(19,64,2187),

(19,69,2188),

(19,71,2189),

(19,72,2190),

(19,75,2191),

(19,76,2192),

(19,77,2193),

(19,78,2194),

(19,79,2195),

(19,81,2196),

(19,82,2197),

(19,83,2198),

(19,88,2199),

(19,91,2200),

(19,93,2201),

(19,95,2202),

(19,98,2203),

(19,99,2204),

(19,100,2205),

(19,101,2206),

(19,102,2207),

(19,105,2208),

(19,115,2209),

(20,1,2210),

(20,14,2211),

(20,25,2212),

(20,29,2213),

(20,33,2214),

(20,44,2215),

(20,47,2216),

(20,71,2217),

(20,80,2218),

(20,99,2219),

(20,109,2220),

(20,115,2221),

(20,116,2222),

(20,117,2223),

(22,2,2224),

(22,3,2225),

(22,8,2226),

(22,9,2227),

(22,11,2228),

(22,13,2229),

(22,16,2230),

(22,18,2231),

(22,21,2232),

(22,22,2233),

(22,23,2234),

(22,24,2235),

(22,26,2236),

(22,31,2237),

(22,34,2238),

(22,37,2239),

(22,38,2240),

(22,39,2241),

(22,41,2242),

(22,42,2243),

(22,51,2244),

(22,55,2245),

(22,56,2246),

(22,57,2247),

(22,59,2248),

(22,61,2249),

(22,64,2250),

(22,69,2251),

(22,73,2252),

(22,75,2253),

(22,76,2254),

(22,77,2255),

(22,78,2256),

(22,81,2257),

(22,82,2258),

(22,83,2259),

(22,84,2260),

(22,85,2261),

(22,86,2262),

(22,87,2263),

(22,88,2264),

(22,93,2265),

(22,94,2266),

(22,95,2267),

(22,97,2268),

(22,100,2269),

(22,102,2270),

(22,103,2271),

(22,105,2272),

(22,108,2273),

(22,112,2274),

(23,4,2275),

(23,6,2276),

(23,8,2277),

(23,9,2278),

(23,11,2279),

(23,19,2280),

(23,22,2281),

(23,23,2282),

(23,24,2283),

(23,26,2284),

(23,28,2285),

(23,37,2286),

(23,39,2287),

(23,40,2288),

(23,45,2289),

(23,50,2290),

(23,51,2291),

(23,56,2292),

(23,57,2293),

(23,63,2294),

(23,68,2295),

(23,69,2296),

(23,73,2297),

(23,75,2298),

(23,76,2299),

(23,79,2300),

(23,82,2301),

(23,86,2302),

(23,88,2303),

(23,89,2304),

(23,90,2305),

(23,91,2306),

(23,92,2307),

(23,93,2308),

(23,94,2309),

(23,95,2310),

(23,101,2311),

(23,102,2312),

(23,103,2313),

(23,105,2314),

(23,106,2315),

(23,111,2316),

(24,1,2317),

(24,3,2318),

(24,4,2319),

(24,6,2320),

(24,7,2321),

(24,8,2322),

(24,9,2323),

(24,11,2324),

(24,12,2325),

(24,13,2326),

(24,17,2327),

(24,19,2328),

(24,21,2329),

(24,22,2330),

(24,23,2331),

(24,24,2332),

(24,25,2333),

(24,26,2334),

(24,27,2335),

(24,28,2336),

(24,30,2337),

(24,31,2338),

(24,34,2339),

(24,35,2340),

(24,36,2341),

(24,37,2342),

(24,39,2343),

(24,41,2344),

(24,43,2345),

(24,45,2346),

(24,47,2347),

(24,50,2348),

(24,51,2349),

(24,52,2350),

(24,54,2351),

(24,56,2352),

(24,57,2353),

(24,63,2354),

(24,64,2355),

(24,65,2356),

(24,66,2357),

(24,68,2358),

(24,69,2359),

(24,71,2360),

(24,72,2361),

(24,73,2362),

(24,75,2363),

(24,76,2364),

(24,78,2365),

(24,79,2366),

(24,82,2367),

(24,83,2368),

(24,86,2369),

(24,88,2370),

(24,91,2371),

(24,92,2372),

(24,93,2373),

(24,94,2374),

(24,95,2375),

(24,98,2376),

(24,99,2377),

(24,100,2378),

(24,101,2379),

(24,102,2380),

(24,103,2381),

(24,104,2382),

(24,105,2383),

(24,107,2384),

(24,115,2385),

(25,1,2386),

(25,3,2387),

(25,4,2388),

(25,6,2389),

(25,7,2390),

(25,8,2391),

(25,9,2392),

(25,11,2393),

(25,12,2394),

(25,13,2395),

(25,17,2396),

(25,19,2397),

(25,21,2398),

(25,22,2399),

(25,23,2400),

(25,24,2401),

(25,25,2402),

(25,26,2403),

(25,27,2404),

(25,28,2405),

(25,30,2406),

(25,31,2407),

(25,34,2408),

(25,35,2409),

(25,36,2410),

(25,37,2411),

(25,39,2412),

(25,41,2413),

(25,43,2414),

(25,45,2415),

(25,47,2416),

(25,50,2417),

(25,51,2418),

(25,52,2419),

(25,54,2420),

(25,56,2421),

(25,57,2422),

(25,63,2423),

(25,64,2424),

(25,65,2425),

(25,66,2426),

(25,68,2427),

(25,69,2428),

(25,71,2429),

(25,72,2430),

(25,73,2431),

(25,75,2432),

(25,76,2433),

(25,78,2434),

(25,79,2435),

(25,82,2436),

(25,83,2437),

(25,86,2438),

(25,88,2439),

(25,91,2440),

(25,92,2441),

(25,93,2442),

(25,94,2443),

(25,95,2444),

(25,98,2445),

(25,99,2446),

(25,100,2447),

(25,101,2448),

(25,102,2449),

(25,103,2450),

(25,104,2451),

(25,105,2452),

(25,107,2453),

(25,115,2454),

(26,1,2455),

(26,2,2456),

(26,3,2457),

(26,4,2458),

(26,7,2459),

(26,8,2460),

(26,9,2461),

(26,10,2462),

(26,11,2463),

(26,12,2464),

(26,13,2465),

(26,16,2466),

(26,17,2467),

(26,18,2468),

(26,19,2469),

(26,21,2470),

(26,22,2471),

(26,23,2472),

(26,24,2473),

(26,25,2474),

(26,26,2475),

(26,27,2476),

(26,30,2477),

(26,31,2478),

(26,34,2479),

(26,35,2480),

(26,36,2481),

(26,37,2482),

(26,38,2483),

(26,39,2484),

(26,41,2485),

(26,42,2486),

(26,43,2487),

(26,45,2488),

(26,47,2489),

(26,51,2490),

(26,52,2491),

(26,54,2492),

(26,56,2493),

(26,57,2494),

(26,58,2495),

(26,59,2496),

(26,61,2497),

(26,63,2498),

(26,64,2499),

(26,65,2500),

(26,66,2501),

(26,69,2502),

(26,71,2503),

(26,72,2504),

(26,73,2505),

(26,75,2506),

(26,76,2507),

(26,77,2508),

(26,78,2509),

(26,79,2510),

(26,81,2511),

(26,82,2512),

(26,83,2513),

(26,85,2514),

(26,86,2515),

(26,88,2516),

(26,91,2517),

(26,93,2518),

(26,94,2519),

(26,95,2520),

(26,96,2521),

(26,97,2522),

(26,98,2523),

(26,99,2524),

(26,100,2525),

(26,101,2526),

(26,102,2527),

(26,103,2528),

(26,104,2529),

(26,105,2530),

(26,107,2531),

(26,115,2532),

(27,1,2533),

(27,2,2534),

(27,3,2535),

(27,4,2536),

(27,7,2537),

(27,8,2538),

(27,9,2539),

(27,10,2540),

(27,11,2541),

(27,12,2542),

(27,13,2543),

(27,16,2544),

(27,17,2545),

(27,18,2546),

(27,19,2547),

(27,21,2548),

(27,22,2549),

(27,23,2550),

(27,24,2551),

(27,25,2552),

(27,26,2553),

(27,27,2554),

(27,30,2555),

(27,31,2556),

(27,34,2557),

(27,35,2558),

(27,36,2559),

(27,37,2560),

(27,38,2561),

(27,39,2562),

(27,41,2563),

(27,42,2564),

(27,43,2565),

(27,45,2566),

(27,47,2567),

(27,51,2568),

(27,52,2569),

(27,54,2570),

(27,56,2571),

(27,57,2572),

(27,58,2573),

(27,59,2574),

(27,61,2575),

(27,63,2576),

(27,64,2577),

(27,65,2578),

(27,66,2579),

(27,69,2580),

(27,71,2581),

(27,72,2582),

(27,73,2583),

(27,75,2584),

(27,76,2585),

(27,77,2586),

(27,78,2587),

(27,79,2588),

(27,81,2589),

(27,82,2590),

(27,83,2591),

(27,85,2592),

(27,86,2593),

(27,88,2594),

(27,91,2595),

(27,93,2596),

(27,94,2597),

(27,95,2598),

(27,96,2599),

(27,97,2600),

(27,98,2601),

(27,99,2602),

(27,100,2603),

(27,101,2604),

(27,102,2605),

(27,103,2606),

(27,104,2607),

(27,105,2608),

(27,107,2609),

(27,115,2610),

(28,1,2611),

(28,3,2612),

(28,4,2613),

(28,8,2614),

(28,9,2615),

(28,11,2616),

(28,12,2617),

(28,13,2618),

(28,17,2619),

(28,19,2620),

(28,21,2621),

(28,22,2622),

(28,23,2623),

(28,24,2624),

(28,25,2625),

(28,26,2626),

(28,31,2627),

(28,34,2628),

(28,35,2629),

(28,36,2630),

(28,37,2631),

(28,39,2632),

(28,41,2633),

(28,43,2634),

(28,45,2635),

(28,47,2636),

(28,51,2637),

(28,54,2638),

(28,56,2639),

(28,57,2640),

(28,63,2641),

(28,64,2642),

(28,65,2643),

(28,69,2644),

(28,71,2645),

(28,72,2646),

(28,73,2647),

(28,75,2648),

(28,76,2649),

(28,78,2650),

(28,79,2651),

(28,82,2652),

(28,83,2653),

(28,86,2654),

(28,88,2655),

(28,91,2656),

(28,93,2657),

(28,94,2658),

(28,95,2659),

(28,98,2660),

(28,99,2661),

(28,100,2662),

(28,101,2663),

(28,102,2664),

(28,103,2665),

(28,104,2666),

(28,105,2667),

(28,107,2668),

(28,115,2669),

(29,1,2670),

(29,3,2671),

(29,4,2672),

(29,8,2673),

(29,9,2674),

(29,11,2675),

(29,12,2676),

(29,13,2677),

(29,17,2678),

(29,19,2679),

(29,21,2680),

(29,22,2681),

(29,23,2682),

(29,24,2683),

(29,25,2684),

(29,26,2685),

(29,31,2686),

(29,34,2687),

(29,35,2688),

(29,36,2689),

(29,37,2690),

(29,39,2691),

(29,41,2692),

(29,43,2693),

(29,45,2694),

(29,47,2695),

(29,51,2696),

(29,54,2697),

(29,56,2698),

(29,57,2699),

(29,63,2700),

(29,64,2701),

(29,65,2702),

(29,69,2703),

(29,71,2704),

(29,72,2705),

(29,73,2706),

(29,75,2707),

(29,76,2708),

(29,78,2709),

(29,79,2710),

(29,82,2711),

(29,83,2712),

(29,86,2713),

(29,88,2714),

(29,91,2715),

(29,93,2716),

(29,94,2717),

(29,95,2718),

(29,98,2719),

(29,99,2720),

(29,100,2721),

(29,101,2722),

(29,102,2723),

(29,103,2724),

(29,104,2725),

(29,105,2726),

(29,107,2727),

(29,115,2728),

(30,3,2729),

(30,4,2730),

(30,8,2731),

(30,9,2732),

(30,11,2733),

(30,13,2734),

(30,15,2735),

(30,19,2736),

(30,20,2737),

(30,21,2738),

(30,22,2739),

(30,23,2740),

(30,24,2741),

(30,26,2742),

(30,31,2743),

(30,34,2744),

(30,35,2745),

(30,37,2746),

(30,39,2747),

(30,40,2748),

(30,41,2749),

(30,45,2750),

(30,49,2751),

(30,51,2752),

(30,55,2753),

(30,56,2754),

(30,57,2755),

(30,62,2756),

(30,63,2757),

(30,64,2758),

(30,65,2759),

(30,69,2760),

(30,73,2761),

(30,74,2762),

(30,75,2763),

(30,76,2764),

(30,78,2765),

(30,79,2766),

(30,82,2767),

(30,83,2768),

(30,84,2769),

(30,86,2770),

(30,88,2771),

(30,89,2772),

(30,91,2773),

(30,93,2774),

(30,94,2775),

(30,95,2776),

(30,100,2777),

(30,101,2778),

(30,102,2779),

(30,103,2780),

(30,104,2781),

(30,105,2782),

(30,106,2783),

(30,107,2784),

(30,108,2785),

(30,113,2786),

(31,14,2787),

(31,29,2788),

(31,33,2789),

(31,44,2790),

(31,80,2791),

(31,109,2792),

(31,110,2793),

(31,116,2794),

(31,117,2795),

(32,1,2796),

(32,2,2797),

(32,3,2798),

(32,4,2799),

(32,6,2800),

(32,7,2801),

(32,8,2802),

(32,9,2803),

(32,11,2804),

(32,13,2805),

(32,18,2806),

(32,19,2807),

(32,21,2808),

(32,22,2809),

(32,23,2810),

(32,24,2811),

(32,25,2812),

(32,26,2813),

(32,27,2814),

(32,28,2815),

(32,30,2816),

(32,31,2817),

(32,34,2818),

(32,37,2819),

(32,38,2820),

(32,39,2821),

(32,41,2822),

(32,42,2823),

(32,45,2824),

(32,47,2825),

(32,50,2826),

(32,51,2827),

(32,52,2828),

(32,56,2829),

(32,57,2830),

(32,59,2831),

(32,63,2832),

(32,64,2833),

(32,66,2834),

(32,68,2835),

(32,69,2836),

(32,71,2837),

(32,73,2838),

(32,75,2839),

(32,76,2840),

(32,77,2841),

(32,78,2842),

(32,79,2843),

(32,81,2844),

(32,82,2845),

(32,83,2846),

(32,86,2847),

(32,88,2848),

(32,90,2849),

(32,91,2850),

(32,92,2851),

(32,93,2852),

(32,94,2853),

(32,95,2854),

(32,99,2855),

(32,100,2856),

(32,101,2857),

(32,102,2858),

(32,103,2859),

(32,105,2860),

(32,111,2861),

(32,115,2862),

(33,1,2863),

(33,2,2864),

(33,3,2865),

(33,4,2866),

(33,6,2867),

(33,7,2868),

(33,8,2869),

(33,9,2870),

(33,11,2871),

(33,13,2872),

(33,18,2873),

(33,19,2874),

(33,21,2875),

(33,22,2876),

(33,23,2877),

(33,24,2878),

(33,25,2879),

(33,26,2880),

(33,27,2881),

(33,28,2882),

(33,30,2883),

(33,31,2884),

(33,34,2885),

(33,37,2886),

(33,38,2887),

(33,39,2888),

(33,41,2889),

(33,42,2890),

(33,45,2891),

(33,47,2892),

(33,50,2893),

(33,51,2894),

(33,52,2895),

(33,56,2896),

(33,57,2897),

(33,59,2898),

(33,63,2899),

(33,64,2900),

(33,66,2901),

(33,68,2902),

(33,69,2903),

(33,71,2904),

(33,73,2905),

(33,75,2906),

(33,76,2907),

(33,77,2908),

(33,78,2909),

(33,79,2910),

(33,81,2911),

(33,82,2912),

(33,83,2913),

(33,86,2914),

(33,88,2915),

(33,90,2916),

(33,91,2917),

(33,92,2918),

(33,93,2919),

(33,94,2920),

(33,95,2921),

(33,99,2922),

(33,100,2923),

(33,101,2924),

(33,102,2925),

(33,103,2926),

(33,105,2927),

(33,111,2928),

(33,115,2929),

(34,14,2930),

(34,29,2931),

(34,33,2932),

(34,44,2933),

(34,80,2934),

(34,109,2935),

(34,110,2936),

(34,116,2937),

(34,117,2938),

(35,1,2939),

(35,2,2940),

(35,3,2941),

(35,4,2942),

(35,6,2943),

(35,8,2944),

(35,9,2945),

(35,11,2946),

(35,13,2947),

(35,18,2948),

(35,19,2949),

(35,20,2950),

(35,21,2951),

(35,22,2952),

(35,23,2953),

(35,24,2954),

(35,25,2955),

(35,26,2956),

(35,28,2957),

(35,31,2958),

(35,34,2959),

(35,37,2960),

(35,38,2961),

(35,39,2962),

(35,41,2963),

(35,42,2964),

(35,45,2965),

(35,47,2966),

(35,49,2967),

(35,50,2968),

(35,51,2969),

(35,56,2970),

(35,57,2971),

(35,59,2972),

(35,62,2973),

(35,63,2974),

(35,64,2975),

(35,68,2976),

(35,69,2977),

(35,71,2978),

(35,73,2979),

(35,74,2980),

(35,75,2981),

(35,76,2982),

(35,77,2983),

(35,78,2984),

(35,79,2985),

(35,81,2986),

(35,82,2987),

(35,83,2988),

(35,86,2989),

(35,87,2990),

(35,88,2991),

(35,91,2992),

(35,92,2993),

(35,93,2994),

(35,94,2995),

(35,95,2996),

(35,99,2997),

(35,100,2998),

(35,101,2999),

(35,102,3000),

(35,103,3001),

(35,105,3002),

(35,112,3003),

(35,113,3004),

(35,114,3005),

(35,115,3006),

(36,1,3007),

(36,2,3008),

(36,3,3009),

(36,4,3010),

(36,6,3011),

(36,8,3012),

(36,9,3013),

(36,11,3014),

(36,13,3015),

(36,18,3016),

(36,19,3017),

(36,20,3018),

(36,21,3019),

(36,22,3020),

(36,23,3021),

(36,24,3022),

(36,25,3023),

(36,26,3024),

(36,28,3025),

(36,31,3026),

(36,34,3027),

(36,37,3028),

(36,38,3029),

(36,39,3030),

(36,41,3031),

(36,42,3032),

(36,45,3033),

(36,47,3034),

(36,49,3035),

(36,50,3036),

(36,51,3037),

(36,56,3038),

(36,57,3039),

(36,59,3040),

(36,62,3041),

(36,63,3042),

(36,64,3043),

(36,68,3044),

(36,69,3045),

(36,71,3046),

(36,73,3047),

(36,74,3048),

(36,75,3049),

(36,76,3050),

(36,77,3051),

(36,78,3052),

(36,79,3053),

(36,81,3054),

(36,82,3055),

(36,83,3056),

(36,86,3057),

(36,87,3058),

(36,88,3059),

(36,91,3060),

(36,92,3061),

(36,93,3062),

(36,94,3063),

(36,95,3064),

(36,99,3065),

(36,100,3066),

(36,101,3067),

(36,102,3068),

(36,103,3069),

(36,105,3070),

(36,112,3071),

(36,113,3072),

(36,114,3073),

(36,115,3074),

(37,14,3075),

(37,29,3076),

(37,33,3077),

(37,44,3078),

(37,80,3079),

(37,109,3080),

(37,110,3081),

(37,116,3082),

(37,117,3083),

(38,1,3084),

(38,8,3085),

(38,14,3086),

(38,22,3087),

(38,25,3088),

(38,29,3089),

(38,33,3090),

(38,44,3091),

(38,47,3092),

(38,51,3093),

(38,56,3094),

(38,71,3095),

(38,75,3096),

(38,80,3097),

(38,82,3098),

(38,93,3099),

(38,99,3100),

(38,102,3101),

(38,109,3102),

(38,115,3103),

(38,116,3104),

(38,117,3105),

(39,14,3106),

(39,29,3107),

(39,33,3108),

(39,44,3109),

(39,80,3110),

(39,109,3111),

(39,116,3112),

(39,117,3113),

(39,118,3114),

(1,1,3115),

(1,2,3116),

(1,3,3117),

(1,4,3118),

(1,5,3119),

(1,6,3120),

(1,7,3121),

(1,8,3122),

(1,9,3123),

(1,10,3124),

(1,13,3125),

(1,18,3126),

(1,19,3127),

(1,21,3128),

(1,22,3129),

(1,23,3130),

(1,25,3131),

(1,26,3132),

(1,27,3133),

(1,28,3134),

(1,30,3135),

(1,31,3136),

(1,34,3137),

(1,37,3138),

(1,38,3139),

(1,41,3140),

(1,42,3141),

(1,45,3142),

(1,47,3143),

(1,50,3144),

(1,51,3145),

(1,52,3146),

(1,56,3147),

(1,57,3148),

(1,58,3149),

(1,59,3150),

(1,63,3151),

(1,64,3152),

(1,66,3153),

(1,68,3154),

(1,71,3155),

(1,73,3156),

(1,75,3157),

(1,77,3158),

(1,78,3159),

(1,79,3160),

(1,81,3161),

(1,82,3162),

(1,83,3163),

(1,86,3164),

(1,91,3165),

(1,92,3166),

(1,93,3167),

(1,94,3168),

(1,96,3169),

(1,99,3170),

(1,100,3171),

(1,101,3172),

(1,102,3173),

(1,103,3174),

(1,115,3175),

(1,119,3176),

(1,120,3177),

(1,121,3178),

(1,122,3179),

(1,123,3180),

(1,124,3181),

(1,125,3182),

(1,126,3183),

(1,127,3184),

(1,128,3185),

(1,129,3186),

(2,3,3187),

(2,12,3188),

(2,13,3189),

(2,17,3190),

(2,21,3191),

(2,31,3192),

(2,34,3193),

(2,36,3194),

(2,41,3195),

(2,43,3196),

(2,54,3197),

(2,55,3198),

(2,64,3199),

(2,72,3200),

(2,78,3201),

(2,83,3202),

(2,84,3203),

(2,98,3204),

(2,100,3205),

(2,108,3206),

(2,121,3207),

(2,130,3208),

(2,131,3209),

(3,2,3210),

(3,3,3211),

(3,4,3212),

(3,7,3213),

(3,8,3214),

(3,9,3215),

(3,12,3216),

(3,13,3217),

(3,15,3218),

(3,16,3219),

(3,17,3220),

(3,18,3221),

(3,19,3222),

(3,20,3223),

(3,21,3224),

(3,22,3225),

(3,23,3226),

(3,26,3227),

(3,27,3228),

(3,30,3229),

(3,31,3230),

(3,34,3231),

(3,36,3232),

(3,37,3233),

(3,38,3234),

(3,41,3235),

(3,42,3236),

(3,43,3237),

(3,45,3238),

(3,49,3239),

(3,51,3240),

(3,52,3241),

(3,54,3242),

(3,56,3243),

(3,57,3244),

(3,59,3245),

(3,61,3246),

(3,62,3247),

(3,63,3248),

(3,64,3249),

(3,66,3250),

(3,72,3251),

(3,73,3252),

(3,74,3253),

(3,75,3254),

(3,77,3255),

(3,78,3256),

(3,79,3257),

(3,81,3258),

(3,82,3259),

(3,83,3260),

(3,85,3261),

(3,86,3262),

(3,91,3263),

(3,93,3264),

(3,94,3265),

(3,97,3266),

(3,98,3267),

(3,100,3268),

(3,101,3269),

(3,102,3270),

(3,103,3271),

(3,113,3272),

(3,121,3273),

(3,122,3274),

(3,125,3275),

(3,126,3276),

(3,127,3277),

(3,129,3278),

(3,131,3279),

(3,132,3280),

(3,133,3281),

(3,134,3282),

(4,1,3283),

(4,6,3284),

(4,7,3285),

(4,9,3286),

(4,23,3287),

(4,25,3288),

(4,26,3289),

(4,27,3290),

(4,28,3291),

(4,30,3292),

(4,37,3293),

(4,47,3294),

(4,50,3295),

(4,52,3296),

(4,57,3297),

(4,66,3298),

(4,68,3299),

(4,71,3300),

(4,73,3301),

(4,86,3302),

(4,92,3303),

(4,94,3304),

(4,99,3305),

(4,103,3306),

(4,115,3307),

(4,120,3308),

(4,124,3309),

(4,125,3310),

(4,127,3311),

(4,135,3312),

(5,1,3313),

(5,2,3314),

(5,3,3315),

(5,4,3316),

(5,6,3317),

(5,7,3318),

(5,8,3319),

(5,9,3320),

(5,12,3321),

(5,13,3322),

(5,17,3323),

(5,18,3324),

(5,19,3325),

(5,21,3326),

(5,22,3327),

(5,23,3328),

(5,25,3329),

(5,26,3330),

(5,27,3331),

(5,28,3332),

(5,30,3333),

(5,31,3334),

(5,34,3335),

(5,35,3336),

(5,36,3337),

(5,37,3338),

(5,38,3339),

(5,41,3340),

(5,42,3341),

(5,43,3342),

(5,45,3343),

(5,47,3344),

(5,48,3345),

(5,50,3346),

(5,51,3347),

(5,52,3348),

(5,54,3349),

(5,55,3350),

(5,56,3351),

(5,57,3352),

(5,59,3353),

(5,63,3354),

(5,64,3355),

(5,65,3356),

(5,66,3357),

(5,67,3358),

(5,68,3359),

(5,71,3360),

(5,72,3361),

(5,73,3362),

(5,75,3363),

(5,77,3364),

(5,78,3365),

(5,79,3366),

(5,81,3367),

(5,82,3368),

(5,83,3369),

(5,84,3370),

(5,86,3371),

(5,91,3372),

(5,92,3373),

(5,93,3374),

(5,94,3375),

(5,98,3376),

(5,99,3377),

(5,100,3378),

(5,101,3379),

(5,102,3380),

(5,103,3381),

(5,104,3382),

(5,107,3383),

(5,108,3384),

(5,115,3385),

(5,120,3386),

(5,121,3387),

(5,122,3388),

(5,124,3389),

(5,125,3390),

(5,126,3391),

(5,127,3392),

(5,129,3393),

(5,130,3394),

(5,131,3395),

(5,135,3396),

(5,136,3397),

(5,137,3398),

(5,138,3399),

(6,2,3400),

(6,3,3401),

(6,7,3402),

(6,13,3403),

(6,18,3404),

(6,21,3405),

(6,27,3406),

(6,30,3407),

(6,31,3408),

(6,32,3409),

(6,34,3410),

(6,38,3411),

(6,41,3412),

(6,42,3413),

(6,52,3414),

(6,59,3415),

(6,64,3416),

(6,66,3417),

(6,77,3418),

(6,78,3419),

(6,81,3420),

(6,83,3421),

(6,100,3422),

(6,121,3423),

(6,125,3424),

(6,129,3425),

(6,138,3426),

(6,139,3427),

(7,2,3428),

(7,3,3429),

(7,9,3430),

(7,12,3431),

(7,13,3432),

(7,17,3433),

(7,18,3434),

(7,21,3435),

(7,23,3436),

(7,26,3437),

(7,31,3438),

(7,34,3439),

(7,35,3440),

(7,36,3441),

(7,37,3442),

(7,38,3443),

(7,40,3444),

(7,41,3445),

(7,42,3446),

(7,43,3447),

(7,54,3448),

(7,57,3449),

(7,59,3450),

(7,64,3451),

(7,65,3452),

(7,72,3453),

(7,73,3454),

(7,77,3455),

(7,78,3456),

(7,81,3457),

(7,83,3458),

(7,86,3459),

(7,89,3460),

(7,94,3461),

(7,98,3462),

(7,100,3463),

(7,103,3464),

(7,104,3465),

(7,106,3466),

(7,107,3467),

(7,121,3468),

(7,127,3469),

(7,129,3470),

(7,131,3471),

(7,137,3472),

(7,138,3473),

(7,140,3474),

(8,2,3475),

(8,3,3476),

(8,9,3477),

(8,12,3478),

(8,13,3479),

(8,17,3480),

(8,18,3481),

(8,21,3482),

(8,23,3483),

(8,26,3484),

(8,31,3485),

(8,34,3486),

(8,36,3487),

(8,37,3488),

(8,38,3489),

(8,40,3490),

(8,41,3491),

(8,42,3492),

(8,43,3493),

(8,54,3494),

(8,57,3495),

(8,59,3496),

(8,64,3497),

(8,72,3498),

(8,73,3499),

(8,77,3500),

(8,78,3501),

(8,81,3502),

(8,83,3503),

(8,86,3504),

(8,89,3505),

(8,94,3506),

(8,98,3507),

(8,100,3508),

(8,103,3509),

(8,106,3510),

(8,121,3511),

(8,127,3512),

(8,129,3513),

(8,131,3514),

(8,138,3515),

(8,140,3516),

(9,1,3517),

(9,2,3518),

(9,3,3519),

(9,4,3520),

(9,6,3521),

(9,7,3522),

(9,8,3523),

(9,9,3524),

(9,13,3525),

(9,18,3526),

(9,19,3527),

(9,20,3528),

(9,21,3529),

(9,22,3530),

(9,23,3531),

(9,25,3532),

(9,26,3533),

(9,27,3534),

(9,28,3535),

(9,30,3536),

(9,31,3537),

(9,34,3538),

(9,35,3539),

(9,37,3540),

(9,38,3541),

(9,40,3542),

(9,41,3543),

(9,42,3544),

(9,45,3545),

(9,46,3546),

(9,47,3547),

(9,48,3548),

(9,49,3549),

(9,50,3550),

(9,51,3551),

(9,52,3552),

(9,56,3553),

(9,57,3554),

(9,59,3555),

(9,60,3556),

(9,62,3557),

(9,63,3558),

(9,64,3559),

(9,65,3560),

(9,66,3561),

(9,67,3562),

(9,68,3563),

(9,71,3564),

(9,73,3565),

(9,74,3566),

(9,75,3567),

(9,77,3568),

(9,78,3569),

(9,79,3570),

(9,81,3571),

(9,82,3572),

(9,83,3573),

(9,86,3574),

(9,89,3575),

(9,91,3576),

(9,92,3577),

(9,93,3578),

(9,94,3579),

(9,99,3580),

(9,100,3581),

(9,101,3582),

(9,102,3583),

(9,103,3584),

(9,104,3585),

(9,106,3586),

(9,107,3587),

(9,113,3588),

(9,115,3589),

(9,120,3590),

(9,121,3591),

(9,122,3592),

(9,124,3593),

(9,125,3594),

(9,126,3595),

(9,127,3596),

(9,129,3597),

(9,132,3598),

(9,136,3599),

(9,137,3600),

(9,138,3601),

(9,140,3602),

(9,141,3603),

(10,1,3604),

(10,2,3605),

(10,3,3606),

(10,8,3607),

(10,13,3608),

(10,18,3609),

(10,21,3610),

(10,22,3611),

(10,25,3612),

(10,31,3613),

(10,34,3614),

(10,38,3615),

(10,40,3616),

(10,41,3617),

(10,42,3618),

(10,47,3619),

(10,48,3620),

(10,51,3621),

(10,56,3622),

(10,59,3623),

(10,64,3624),

(10,67,3625),

(10,71,3626),

(10,75,3627),

(10,77,3628),

(10,78,3629),

(10,81,3630),

(10,82,3631),

(10,83,3632),

(10,89,3633),

(10,93,3634),

(10,99,3635),

(10,100,3636),

(10,102,3637),

(10,106,3638),

(10,115,3639),

(10,120,3640),

(10,121,3641),

(10,126,3642),

(10,129,3643),

(10,136,3644),

(10,138,3645),

(10,140,3646),

(14,159,3647),

(15,48,3648),

(15,67,3649),

(15,136,3650),

(15,156,3651),

(16,7,3652),

(16,27,3653),

(16,30,3654),

(16,52,3655),

(16,66,3656),

(16,125,3657),

(16,160,3658),

(17,48,3659),

(17,67,3660),

(17,136,3661),

(17,156,3662),

(18,159,3663),

(19,119,3664),

(20,119,3665),

(21,158,3666),

(21,161,3667),

(22,1,3668),

(22,25,3669),

(22,47,3670),

(22,71,3671),

(22,99,3672),

(22,115,3673),

(22,120,3674);

/*Table structure for table `user` */

DROP TABLE IF EXISTS `user`;

CREATE TABLE `user` (
  `user_id` int(10) NOT NULL auto_increment,
  `password` varchar(100) default NULL,
  `username` varchar(100) NOT NULL,
  PRIMARY KEY  (`user_id`)
) ENGINE=InnoDB DEFAULT CHARSET=latin1;

/*Data for the table `user` */

/*Table structure for table `user_roles` */

DROP TABLE IF EXISTS `user_roles`;

CREATE TABLE `user_roles` (
  `username` varchar(255) default NULL,
  `roles` varchar(255) default NULL
) ENGINE=InnoDB DEFAULT CHARSET=latin1;

/*Data for the table `user_roles` */

